"Year","CO2","OtherGHG","O3Tropos","O3Stratos","Aerosol","LUC","H2OStrat","BCSnow","Contrails","Solar","Volcano"
1750,-2.15926127231934,-7.28842660642837,-3.96336978490268,-127.958021899391,-0.0762290903960487,-0.896609646140672,-4.67836314421873,-1.80571885560983,-3400.71634609372,-1.38447929678011,-4.71209023437027
1751,-2.57295827254777,-5.82988265287038,-3.96336978490268,-127.958021899391,-0.0781880990944544,-0.896609646140672,-4.67836314421873,-1.80571885560983,-3400.71634609372,-1.43220190966191,-5.23632513851036
1752,-2.60801558927447,-5.46100231092847,-3.68508267391674,-127.958021899391,-0.0801460232993209,-0.897773538370299,-4.67836314421873,-1.80571885560983,-3400.71634609372,-1.48764261835085,-5.23632513851036
1753,-2.60801558927447,-5.3114992589491,-3.68508267391674,-127.958021899391,-0.0811245781676145,-0.897773538370299,-4.67836314421873,-1.80571885560983,-3400.71634609372,-1.503328748212,-5.23632513851036
1754,-2.64783290311734,-5.17850823588335,-3.53392846013478,-127.958021899391,-0.0830808723341442,-0.898938053590013,-4.67836314421873,-1.78182608344345,-3400.71634609372,-1.54453373990035,-5.23632513851036
1755,-2.69438176005264,-4.95002202627317,-3.53392846013478,-127.958021899391,-0.0850360775999962,-0.898938053590013,-4.67836314421873,-1.78182608344345,-3400.71634609372,-1.59379165046892,-0.400074277322125
1756,-2.69438176005264,-4.85036820734935,-3.42581670498239,-127.958021899391,-0.0869901921905399,-0.898938053590013,-4.67836314421873,-1.78182608344345,-3400.71634609372,-1.59851158824254,-5.23632513851036
1757,-2.75137141450722,-4.67319736286853,-3.42581670498239,-127.958021899391,-0.0889432143243561,-0.90010319633194,-4.67836314421873,-1.78182608344345,-3400.71634609372,-1.5663532069759,-5.23632513851036
1758,-2.82744810470953,-4.59370710296526,-3.42581670498239,-127.958021899391,-0.0899193151614313,-0.90010319633194,-4.67836314421873,-1.78182608344345,-3400.71634609372,-1.57533852456275,-5.23632513851036
1759,-2.82744810470953,-4.51927076721944,-3.34031087341121,-127.958021899391,-0.0918706952550427,-0.901268971192136,-4.67836314421873,-1.78182608344345,-3400.71634609372,-1.921343833321,-5.23632513851036
1760,-2.95592383865668,-4.44929667377324,-3.34031087341121,-127.958021899391,-0.0938209784084057,-0.901268971192136,-4.67836314421873,-1.78182608344345,-3400.71634609372,-2.1286159217561,-2.4297469437492
1761,-2.95592383865668,-4.38329065636232,-3.26896230786717,-127.958021899391,-0.095770162816014,-0.901268971192136,-4.67836314421873,-1.76480066411087,-3400.71634609372,-1.43931451795331,0.0898043210227028
1762,-2.95592383865668,-4.38329065636232,-3.26896230786717,-127.958021899391,-0.0967443424240331,-0.90243538283193,-4.26860581553174,-1.76480066411087,-3400.71634609372,-1.40790882070448,-1.12951175155579
1763,-2.95592383865668,-4.32083581317315,-3.2073991745077,-127.958021899391,-0.0986918753124134,-0.90243538283193,-4.26860581553174,-1.76480066411087,-3400.71634609372,-1.4465079283972,-2.09796383754911
1764,-2.82744810470953,-4.32083581317315,-3.2073991745077,-127.958021899391,-0.10063830491066,-0.903602435979308,-4.26860581553174,-1.76480066411087,-3400.71634609372,-1.46114793406388,-3.16000634499885
1765,-2.69438176005264,-4.32083581317315,-3.2073991745077,-127.958021899391,-0.102583629388663,-0.903602435979308,-4.26860581553174,-1.76480066411087,-3400.71634609372,-1.59379165046892,-4.26438961998675
1766,-2.60801558927447,-4.32083581317315,-3.15304488665756,-127.958021899391,-0.104527846909186,-0.903602435979308,-4.26860581553174,-1.76480066411087,-3400.71634609372,-1.5663532069759,-5.23632513851036
1767,-2.54147406298978,-4.32083581317315,-3.15304488665756,-127.958021899391,-0.105499539984298,-0.904770135430331,-4.26860581553174,-1.75069950657096,-3400.71634609372,-1.51537778247341,-5.23632513851036
1768,-2.48635896184318,-4.32083581317315,-3.1042444106817,-127.958021899391,-0.107442093608088,-0.904770135430331,-4.26860581553174,-1.75069950657096,-3400.71634609372,-1.33375090081984,-5.23632513851036
1769,-2.41718369861445,-4.32083581317315,-3.1042444106817,-127.958021899391,-0.109383535649843,-0.905938486050601,-4.26860581553174,-1.75069950657096,-3400.71634609372,-1.23635179756479,-5.23632513851036
1770,-2.35876583950159,-4.32083581317315,-3.05986722021667,-127.958021899391,-0.111323864247038,-0.905938486050601,-4.26860581553174,-1.75069950657096,-3400.71634609372,-1.15685561364441,-5.23632513851036
1771,-2.30775937950476,-4.32083581317315,-3.05986722021667,-127.958021899391,-0.113263077529821,-0.905938486050601,-4.26860581553174,-1.75069950657096,-3400.71634609372,-1.22300259732289,-5.23632513851036
1772,-2.26222010328364,-4.32083581317315,-3.05986722021667,-127.958021899391,-0.114232265341965,-0.907107492776763,-4.26860581553174,-1.75069950657096,-3400.71634609372,-1.23098561927279,-2.31488367779766
1773,-2.22090739188388,-4.32083581317315,-3.01910449557138,-127.958021899391,-0.116169802131019,-0.907107492776763,-4.26860581553174,-1.75069950657096,-3400.71634609372,-1.33375090081984,-3.1917519304751
1774,-2.19528522930907,-4.32083581317315,-3.01910449557138,-127.958021899391,-0.118106218898682,-0.908277160618049,-4.26860581553174,-1.73834527347075,-3400.71634609372,-1.39109034150858,-4.00876804252004
1775,-2.17097401876139,-4.32083581317315,-2.98135628452893,-127.958021899391,-0.120041513749098,-0.908277160618049,-4.26860581553174,-1.73834527347075,-3400.71634609372,-1.52355413484751,-4.71209023437027
1776,-2.1478213146823,-4.32083581317315,-2.98135628452893,-127.958021899391,-0.121008739860826,-0.908277160618049,-4.26860581553174,-1.73834527347075,-3400.71634609372,-1.55315541443373,-5.23632513851036
1777,-2.13663915197367,-4.32083581317315,-2.98135628452893,-127.958021899391,-0.122942348264155,-0.909447494657872,-4.26860581553174,-1.73834527347075,-3400.71634609372,-1.51537778247341,-5.23632513851036
1778,-2.1257010596548,-4.32083581317315,-2.94616445699109,-127.958021899391,-0.124874829977539,-0.909447494657872,-4.26860581553174,-1.73834527347075,-3400.71634609372,-1.33069788170422,-2.3477241464668
1779,-2.1257010596548,-4.32083581317315,-2.94616445699109,-127.958021899391,-0.126806183078551,-0.910618500055468,-4.26860581553174,-1.73834527347075,-3400.71634609372,-1.50731712037769,-2.30421452668716
1780,-2.1257010596548,-4.32083581317315,-2.91317073744629,-127.958021899391,-0.12873640563706,-0.910618500055468,-4.05552349959484,-1.73834527347075,-3400.71634609372,-1.66996351400695,-3.25963668067799
1781,-2.11499443966602,-4.32083581317315,-2.91317073744629,-127.958021899391,-0.129701092357593,-0.910618500055468,-4.05552349959484,-1.72719078611922,-3400.71634609372,-1.60808755624671,-4.12375661638739
1782,-2.11499443966602,-4.32083581317315,-2.88208929599141,-127.958021899391,-0.131629615466389,-0.911790182047574,-4.05552349959484,-1.72719078611922,-3400.71634609372,-1.48378543797483,-4.71209023437027
1783,-2.0942301352314,-4.32083581317315,-2.88208929599141,-127.958021899391,-0.133557003173346,-0.911790182047574,-4.05552349959484,-1.72719078611922,-3400.71634609372,-1.64840783904609,2.30158290554407
1784,-2.06455714660553,-4.32083581317315,-2.88208929599141,-127.958021899391,-0.135483253520996,-0.912962545950173,-4.05552349959484,-1.72719078611922,-3400.71634609372,-1.61785350461716,-0.627502514648814
1785,-2.03645046740989,-4.32083581317315,-2.85268820477601,-127.958021899391,-0.136445951571207,-0.912962545950173,-4.05552349959484,-1.72719078611922,-3400.71634609372,-1.55751848891572,-1.89088074465601
1786,-1.9925927502754,-4.32083581317315,-2.85268820477601,-127.958021899391,-0.138370492192299,-0.912962545950173,-4.05552349959484,-1.72719078611922,-3400.71634609372,-1.46114793406388,-2.99339673814173
1787,-1.95981232524313,-4.32083581317315,-2.8247765127948,-127.958021899391,-0.14029389052564,-0.914135597160278,-4.05552349959484,-1.72719078611922,-3400.71634609372,-1.38777674050383,-4.44695870716577
1788,-1.91386990972895,-4.32083581317315,-2.8247765127948,-127.958021899391,-0.14221614458581,-0.914135597160278,-4.05552349959484,-1.7169277748089,-3400.71634609372,-1.28064300675379,-1.81501918858577
1789,-1.87120420256106,-4.26157724484026,-2.79819500381934,-127.958021899391,-0.144137252379285,-0.915309341157777,-4.05552349959484,-1.7169277748089,-3400.71634609372,-1.503328748212,-2.70504408755971
1790,-1.83777535285765,-4.26157724484026,-2.79819500381934,-127.958021899391,-0.145097375800809,-0.915309341157777,-4.05552349959484,-1.7169277748089,-3400.71634609372,-1.61294611402095,-3.68301834559864
1791,-1.79986006761777,-4.26157724484026,-2.79819500381934,-127.958021899391,-0.147016760438537,-0.915309341157777,-4.05552349959484,-1.7169277748089,-3400.71634609372,-1.60327647840008,-4.71209023437027
1792,-1.76403906271115,-4.20521037730475,-2.77280944011891,-127.958021899391,-0.148934993789977,-0.916483783507329,-4.05552349959484,-1.7169277748089,-3400.71634609372,-1.579889982077,-5.23632513851036
1793,-1.73559781376048,-4.20521037730475,-2.77280944011891,-127.958021899391,-0.150852073832834,-0.916483783507329,-4.05552349959484,-1.7169277748089,-3400.71634609372,-1.64840783904609,-5.23632513851036
1794,-1.70830335064191,-4.15147190543798,-2.74850552684108,-127.958021899391,-0.152767998536478,-0.917658929860321,-4.05552349959484,-1.7169277748089,-3400.71634609372,-1.64317508720511,-1.68003394281001
1795,-1.67691471242667,-4.10013268265234,-2.74850552684108,-127.958021899391,-0.153725526999228,-0.917658929860321,-4.05552349959484,-1.70736188579389,-3400.71634609372,-1.47995305595067,-5.23632513851036
1796,-1.65674323687059,-4.0509920759367,-2.72518509416477,-127.958021899391,-0.155639714868237,-0.917658929860321,-4.05552349959484,-1.70736188579389,-3400.71634609372,-1.503328748212,-0.243376430312854
1797,-1.63230644890535,-4.0509920759367,-2.72518509416477,-127.958021899391,-0.157552742284606,-0.918834785956888,-4.05552349959484,-1.70736188579389,-3400.71634609372,-1.54453373990035,-2.30421452668716
1798,-1.6133358042509,-4.00387343863772,-2.72518509416477,-127.958021899391,-0.159464607188082,-0.918834785956888,-4.05552349959484,-1.70736188579389,-3400.71634609372,-1.55315541443373,-3.33443853307958
1799,-1.59029414252919,-3.95862044581405,-2.70276315841147,-127.958021899391,-0.160420103051309,-0.920011357627987,-3.90661141204712,-1.70736188579389,-3400.71634609372,-1.5619174695809,-4.44695870716577
1800,-1.57236369693016,-3.95862044581405,-2.70276315841147,-127.958021899391,-0.162330220303668,-0.920011357627987,-3.90661141204712,-1.70736188579389,-3400.71634609372,-1.59851158824254,-5.23632513851036
1801,-1.5548526067708,-3.91509410241172,-2.6811656287736,-127.958021899391,-0.164239169854806,-0.920011357627987,-3.90661141204712,-1.70736188579389,-3400.71634609372,-1.45745540194878,-1.69585684304093
1802,-1.53773772827445,-3.91509410241172,-2.6811656287736,-127.958021899391,-0.166146949614163,-0.921188650797547,-3.90661141204712,-1.69836107754434,-3400.71634609372,-1.41820914182732,-2.59252728511141
1803,-1.52514877666205,-3.91509410241172,-2.66032749577356,-127.958021899391,-0.168053557482393,-0.921188650797547,-3.90661141204712,-1.69836107754434,-3400.71634609372,-1.503328748212,-3.56466423279654
1804,-1.50867736903363,-3.91509410241172,-2.66032749577356,-127.958021899391,-0.169006421298872,-0.922366671484674,-3.90661141204712,-1.69836107754434,-3400.71634609372,-1.53185101235953,-1.36003223355089
1805,-1.49654923172869,-3.91509410241172,-2.66032749577356,-127.958021899391,-0.170911267374769,-0.922366671484674,-3.90661141204712,-1.69836107754434,-3400.71634609372,-1.55751848891572,-2.31488367779766
1806,-1.48460630733718,-3.91509410241172,-2.64019138430011,-127.958021899391,-0.172814936272342,-0.922366671484674,-3.90661141204712,-1.69836107754434,-3400.71634609372,-1.51537778247341,-3.33443853307958
1807,-1.47284184567425,-3.91509410241172,-2.64019138430011,-127.958021899391,-0.174717425861026,-0.923545425805941,-3.90661141204712,-1.69836107754434,-3400.71634609372,-1.60808755624671,-4.44695870716577
1808,-1.46509485801508,-3.91509410241172,-2.62070638612987,-127.958021899391,-0.176618734001199,-0.923545425805941,-3.90661141204712,-1.69836107754434,-3400.71634609372,-1.64840783904609,-5.23632513851036
1809,-1.45742255183996,-3.91509410241172,-2.62070638612987,-127.958021899391,-0.177568944356972,-0.924724919977736,-3.90661141204712,-1.68983071037096,-3400.71634609372,-1.64840783904609,2.14973379497035
1810,-1.45361386061538,-3.91509410241172,-2.62070638612987,-127.958021899391,-0.179468476292638,-0.924724919977736,-3.90661141204712,-1.68983071037096,-3400.71634609372,-1.67551958687359,0.848631545849913
1811,-1.44982319532302,-3.87317028144894,-2.60182710922676,-127.958021899391,-0.181366821390732,-0.924724919977736,-3.90661141204712,-1.68983071037096,-3400.71634609372,-1.68684956781345,-0.176865858234348
1812,-1.44605034930151,-3.87317028144894,-2.60182710922676,-127.958021899391,-0.183263977479464,-0.925905160318701,-3.90661141204712,-1.68983071037096,-3400.71634609372,-1.68684956781345,-1.10632176259589
1813,-1.44982319532302,-3.83273768352741,-2.5835128969938,-127.958021899391,-0.184212108964085,-0.925905160318701,-3.79072047821276,-1.68983071037096,-3400.71634609372,-1.66996351400695,-1.973770724694
1814,-1.45361386061538,-3.79369613410821,-2.5835128969938,-127.958021899391,-0.186107477446237,-0.927086153252232,-3.79072047821276,-1.68983071037096,-3400.71634609372,-1.64317508720511,-5.23632513851036
1815,-1.46124947949523,-3.75595515369116,-2.56572718208481,-127.958021899391,-0.188001651448586,-0.927086153252232,-3.79072047821276,-1.68983071037096,-3400.71634609372,-1.63288319947023,2.79857084289818
1816,-1.46895890587046,-3.71943275010474,-2.56572718208481,-127.958021899391,-0.189894628766403,-0.927086153252232,-3.79072047821276,-1.68170016068646,-3400.71634609372,-1.58448195517275,1.64320193357924
1817,-1.48066531294272,-3.68405439280223,-2.56572718208481,-127.958021899391,-0.191786407185405,-0.928267905309083,-3.79072047821276,-1.68170016068646,-3400.71634609372,-1.5663532069759,0.925844019239345
1818,-1.49254801928104,-3.61646387385896,-2.54843694772542,-127.958021899391,-0.192731846113256,-0.928267905309083,-3.79072047821276,-1.68170016068646,-3400.71634609372,-1.58911548327273,-0.0878769794745131
1819,-1.50461364399713,-3.58413268074887,-2.54843694772542,-127.958021899391,-0.194621822011187,-0.929450423130036,-3.79072047821276,-1.68170016068646,-3400.71634609372,-1.59379165046892,-1.02653894874115
1820,-1.51686921030385,-3.52213646957739,-2.53161227565497,-127.958021899391,-0.196510593432356,-0.929450423130036,-3.79072047821276,-1.68170016068646,-3400.71634609372,-1.61785350461716,-2.74031629279959
1821,-1.52514877666205,-3.49237886176038,-2.53161227565497,-127.958021899391,-0.198398158128517,-0.929450423130036,-3.79072047821276,-1.68170016068646,-3400.71634609372,-1.64840783904609,-5.23632513851036
1822,-1.53351839516208,-3.43513885780756,-2.5152259644047,-127.958021899391,-0.199341487249449,-0.930633713468671,-3.79072047821276,-1.68170016068646,-3400.71634609372,-1.65370098129415,-5.23632513851036
1823,-1.53773772827445,-3.40758304732427,-2.5152259644047,-127.958021899391,-0.20122723762106,-0.930633713468671,-3.79072047821276,-1.67391503891613,-3400.71634609372,-1.66447662516438,-5.23632513851036
1824,-1.53351839516208,-3.38069205270732,-2.5152259644047,-127.958021899391,-0.203111775603786,-0.931817783194229,-3.79072047821276,-1.67391503891613,-3400.71634609372,-1.61785350461716,-5.23632513851036
1825,-1.52932218012615,-3.35443526098621,-2.4992532051046,-127.958021899391,-0.204995098914589,-0.931817783194229,-3.69521055361486,-1.67391503891613,-3400.71634609372,-1.58448195517275,-5.23632513851036
1826,-1.52099788467625,-3.32878411047031,-2.4992532051046,-127.958021899391,-0.206877205260341,-0.931817783194229,-3.69521055361486,-1.67391503891613,-3400.71634609372,-1.54882742753116,-5.23632513851036
1827,-1.50867736903363,-3.3037119121505,-2.48367130466187,-127.958021899391,-0.207817801351941,-0.933002639294565,-3.69521055361486,-1.67391503891613,-3400.71634609372,-1.4465079283972,-5.23632513851036
1828,-1.49654923172869,-3.3037119121505,-2.48367130466187,-127.958021899391,-0.209698077928237,-0.933002639294565,-3.69521055361486,-1.67391503891613,-3400.71634609372,-1.41132431224533,-5.23632513851036
1829,-1.48460630733718,-3.3037119121505,-2.46845944819467,-127.958021899391,-0.211577131762023,-0.934188288879208,-3.69521055361486,-1.67391503891613,-3400.71634609372,-1.40451092801153,-5.23632513851036
1830,-1.47674390428976,-3.3037119121505,-2.46845944819467,-127.958021899391,-0.213454960524276,-0.934188288879208,-3.69521055361486,-1.6664323829305,-3400.71634609372,-1.37793200067741,-5.23632513851036
1831,-1.46895890587046,-3.32878411047031,-2.46845944819467,-127.958021899391,-0.215331561875553,-0.934188288879208,-3.69521055361486,-1.6664323829305,-3400.71634609372,-1.37793200067741,0.440700273194448
1832,-1.46509485801508,-3.35443526098621,-2.45359849418812,-127.958021899391,-0.216269401538135,-0.935374739182528,-3.69521055361486,-1.6664323829305,-3400.71634609372,-1.45378479878733,0.208864927978636
1833,-1.46509485801508,-3.40758304732427,-2.45359849418812,-127.958021899391,-0.21814415736353,-0.935374739182528,-3.69521055361486,-1.6664323829305,-3400.71634609372,-1.51133327981952,-0.488715291867867
1834,-1.46509485801508,-3.46339234875784,-2.43907079707871,-127.958021899391,-0.220017679883287,-0.936561997567005,-3.69521055361486,-1.6664323829305,-3400.71634609372,-1.52355413484751,-1.38642494958398
1835,-1.46895890587046,-3.52213646957739,-2.43907079707871,-127.958021899391,-0.221889966720921,-0.936561997567005,-3.69521055361486,-1.6664323829305,-3400.71634609372,-1.503328748212,1.73805950444355
1836,-1.47284184567425,-3.55270626371411,-2.42486005295026,-127.958021899391,-0.222825646013351,-0.936561997567005,-3.69521055361486,-1.6664323829305,-3400.71634609372,-1.33069788170422,0.375675455391508
1837,-1.47284184567425,-3.58413268074887,-2.42486005295026,-127.958021899391,-0.224696074848344,-0.93775007152662,-3.61362818312632,-1.65921754301246,-3400.71634609372,-1.22300259732289,-0.62571626934228
1838,-1.47284184567425,-3.58413268074887,-2.42486005295026,-127.958021899391,-0.226565262012784,-0.93775007152662,-3.61362818312632,-1.65921754301246,-3400.71634609372,-1.23366423657221,-1.51300880745347
1839,-1.46509485801508,-3.55270626371411,-2.41095116479967,-127.958021899391,-0.228433205092208,-0.93893896869036,-3.61362818312632,-1.65921754301246,-3400.71634609372,-1.297928970843,-2.32568914420974
1840,-1.45361386061538,-3.52213646957739,-2.41095116479967,-127.958021899391,-0.23029990166113,-0.93893896869036,-3.61362818312632,-1.65921754301246,-3400.71634609372,-1.30084882391368,-2.60767344069782
1841,-1.43855730704247,-3.49237886176038,-2.39733012445118,-127.958021899391,-0.231232781743153,-0.93893896869036,-3.61362818312632,-1.65921754301246,-3400.71634609372,-1.36183160528554,-3.46348687220351
1842,-1.41648546898404,-3.43513885780756,-2.39733012445118,-127.958021899391,-0.233097603974218,-0.940128696825857,-3.61362818312632,-1.65921754301246,-3400.71634609372,-1.40451092801153,-4.26438961998675
1843,-1.38795310137731,-3.40758304732427,-2.39733012445118,-127.958021899391,-0.2349611735823,-0.940128696825857,-3.61362818312632,-1.65921754301246,-3400.71634609372,-1.42867511338551,-2.53461017480812
1844,-1.36376815635689,-3.38069205270732,-2.38398390869573,-127.958021899391,-0.236823488102693,-0.941319263843144,-3.61362818312632,-1.65224208235335,-3400.71634609372,-1.46860029791414,-3.41784409338882
1845,-1.34025988425302,-3.35443526098621,-2.38398390869573,-127.958021899391,-0.237754173931673,-0.941319263843144,-3.61362818312632,-1.65224208235335,-3400.71634609372,-1.47614502557255,-4.26438961998675
1846,-1.32061473687359,-3.32878411047031,-2.37090038763587,-127.958021899391,-0.239614601174266,-0.941319263843144,-3.61362818312632,-1.65224208235335,-3400.71634609372,-1.46860029791414,-2.30421452668716
1847,-1.30458024031139,-3.32878411047031,-2.37090038763587,-127.958021899391,-0.24147376711739,-0.942510677798564,-3.54221018370624,-1.65224208235335,-3400.71634609372,-1.63288319947023,-3.1917519304751
1848,-1.29510024061096,-3.3037119121505,-2.35806824354442,-127.958021899391,-0.243331669256107,-0.942510677798564,-3.54221018370624,-1.65224208235335,-3400.71634609372,-1.4465079283972,-4.00876804252004
1849,-1.28572237186166,-3.27919369008289,-2.35806824354442,-127.958021899391,-0.245188305073799,-0.943702946898804,-3.54221018370624,-1.65224208235335,-3400.71634609372,-1.25542247608511,-4.71209023437027
1850,-1.28261865150048,-3.27919369008289,-2.35806824354442,-127.958021899391,-0.246116147322602,-0.943702946898804,-3.54221018370624,-1.65224208235335,-3400.71634609372,-1.3096774750042,-2.04145748748073
1851,-1.28261865150048,-3.25520603838737,-2.34547689881396,-127.958021899391,-0.247970878914325,-0.943702946898804,-3.54221018370624,-1.64548231511041,-3400.71634609372,-1.33375090081984,-2.26283135731215
1852,-1.28572237186166,-3.23172699283085,-2.33311645179445,-127.958021899391,-0.249824337841793,-0.944896079505095,-3.54221018370624,-1.64548231511041,-3400.71634609372,-1.32161515200309,-2.56305536351034
1853,-1.2919630692441,-3.20873591524837,-2.32097761949896,-127.958021899391,-0.251676521546812,-0.944896079505095,-3.54221018370624,-1.64548231511041,-3400.71634609372,-1.34921384024348,-3.04496706175353
1854,-1.29824875892864,-3.18621338929433,-2.30905168630862,-127.958021899391,-0.252602134388168,-0.944896079505095,-3.54221018370624,-1.63891825996998,-3400.71634609372,-1.41820914182732,-5.23632513851036
1855,-1.30458024031139,-3.16414112621848,-2.29733045793403,-127.958021899391,-0.254452400436455,-0.946090084137558,-3.54221018370624,-1.63891825996998,-3400.71634609372,-1.47995305595067,-5.23632513851036
1856,-1.31095833561061,-3.14250187953337,-2.28580621999588,-127.958021899391,-0.256301384813772,-0.946090084137558,-3.54221018370624,-1.63891825996998,-3400.71634609372,-1.51945120283761,-0.81727843340322
1857,-1.31738389076959,-3.1004582031758,-2.27447170067643,-127.958021899391,-0.25814908491926,-0.946090084137558,-3.47856059090514,-1.63891825996998,-3400.71634609372,-1.51945120283761,0.36120380400603
1858,-1.32061473687359,-3.08002382945386,-2.263320036968,-127.958021899391,-0.259072452553913,-0.947284969479713,-3.47856059090514,-1.6325328732249,-3400.71634609372,-1.45378479878733,0.0962477101212793
1859,-1.32385777640546,-3.04026103270068,-2.263320036968,-127.958021899391,-0.260918221347902,-0.947284969479713,-3.47856059090514,-1.6325328732249,-3400.71634609372,-1.40790882070448,-0.872457863749576
1860,-1.32385777640546,-3.02090714625529,-2.25234474410825,-127.958021899391,-0.262762699313476,-0.947284969479713,-3.47856059090514,-1.6325328732249,-3400.71634609372,-1.29502042207535,-1.59040136270679
1861,-1.32711312221126,-2.98319549533377,-2.24153968784568,-127.958021899391,-0.264605883805977,-0.948480744383168,-3.47856059090514,-1.62631147508205,-3400.71634609372,-1.27496702296973,-2.26283135731215
1862,-1.32711312221126,-2.96481589965131,-2.23089905922477,-127.958021899391,-0.265526990169894,-0.948480744383168,-3.47856059090514,-1.62631147508205,-3400.71634609372,-1.34298844927508,-1.37880953059864
1863,-1.32385777640546,-2.9467401112597,-2.22041735161927,-127.958021899391,-0.267368229466193,-0.948480744383168,-3.47856059090514,-1.62631147508205,-3400.71634609372,-1.36502187926744,-1.05877847904656
1864,-1.31738389076959,-2.92895847744052,-2.21008933977588,-127.958021899391,-0.269208168621892,-0.94967741787248,-3.47856059090514,-1.62631147508205,-3400.71634609372,-1.44290096011447,-1.59040136270679
1865,-1.31095833561061,-2.91146179481593,-2.19991006065966,-127.958021899391,-0.271046804947367,-0.94967741787248,-3.42105510742183,-1.62024131275663,-3400.71634609372,-1.4465079283972,-2.26283135731215
1866,-1.29824875892864,-2.87728855423975,-2.18987479591705,-127.958021899391,-0.271965633704693,-0.94967741787248,-3.42105510742183,-1.62024131275663,-3400.71634609372,-1.45745540194878,-3.04496706175353
1867,-1.28261865150048,-2.86059560006302,-2.17997905579457,-127.958021899391,-0.273802310713174,-0.950874999150205,-3.42105510742183,-1.62024131275663,-3400.71634609372,-1.51945120283761,-3.04496706175353
1868,-1.26422320988685,-2.84415475944123,-2.17021856436952,-127.958021899391,-0.275637678109978,-0.950874999150205,-3.42105510742183,-1.61431122243431,-3400.71634609372,-1.527687192804,-5.23632513851036
1869,-1.24323453892961,-2.81200041650156,-2.17021856436952,-127.958021899391,-0.2774717331593,-0.950874999150205,-3.42105510742183,-1.61431122243431,-3400.71634609372,-1.4011303795039,-5.23632513851036
1870,-1.21983601855017,-2.7962731768856,-2.16058924596564,-127.958021899391,-0.278388267695049,-0.952073497602148,-3.42105510742183,-1.61431122243431,-3400.71634609372,-1.48378543797483,-3.04496706175353
1871,-1.19984813555925,-2.76548633478983,-2.15108721264059,-127.958021899391,-0.280220349064121,-0.952073497602148,-3.42105510742183,-1.61431122243431,-3400.71634609372,-1.30672294705466,-3.04496706175353
1872,-1.18028883066242,-2.73554971924459,-2.14170875264499,-127.958021899391,-0.282051111187241,-0.952073497602148,-3.42105510742183,-1.6085113640227,-3400.71634609372,-1.34609433174907,-3.04496706175353
1873,-1.1638482963428,-2.70641866020756,-2.13245031976303,-127.958021899391,-0.283880551281163,-0.95327292280282,-3.36853933462918,-1.6085113640227,-3400.71634609372,-1.33681689620291,-2.56305536351034
1874,-1.15304767842376,-2.67805189230863,-2.12330852345482,-127.958021899391,-0.284794774693641,-0.95327292280282,-3.36853933462918,-1.6085113640227,-3400.71634609372,-1.38447929678011,-2.26283135731215
1875,-1.14502853199579,-2.65041121865556,-2.11428011972858,-127.958021899391,-0.286622226494978,-0.954473284521108,-3.36853933462918,-1.60283301038027,-3400.71634609372,-1.43574827419758,-3.04496706175353
1876,-1.13707748124317,-2.62346121505065,-2.10536200267847,-127.958021899391,-0.288448349248421,-0.954473284521108,-3.36853933462918,-1.60283301038027,-3400.71634609372,-1.48764261835085,-2.04145748748073
1877,-1.13444202124695,-2.61023483773586,-2.09655119663024,-127.958021899391,-0.290273140121976,-0.954473284521108,-3.36853933462918,-1.60283301038027,-3400.71634609372,-1.503328748212,-1.71738736693626
1878,-1.13444202124695,-2.58425984911442,-2.09655119663024,-127.958021899391,-0.291185035214924,-0.955674592726178,-3.36853933462918,-1.60283301038027,-3400.71634609372,-1.53604625156612,-2.04145748748073
1879,-1.12919313291746,-2.55889746010999,-2.08784484884277,-127.958021899391,-0.293007822927617,-0.955674592726178,-3.36853933462918,-1.59726837792285,-3400.71634609372,-1.54882742753116,-2.56305536351034
1880,-1.12657960525046,-2.54643729642192,-2.07924022271866,-127.958021899391,-0.294829271618173,-0.955674592726178,-3.32016202430531,-1.59726837792285,-3400.71634609372,-1.527687192804,-2.56305536351034
1881,-1.12137413855418,-2.5219426493901,-2.07073469148149,-127.958021899391,-0.296649378404492,-0.956876857593614,-3.32016202430531,-1.59726837792285,-3400.71634609372,-1.40790882070448,-3.04496706175353
1882,-1.11104822374761,-2.50990193474485,-2.06232573228172,-127.958021899391,-0.297558927678924,-0.956876857593614,-3.32016202430531,-1.59181048907906,-3400.71634609372,-1.45013575936941,-3.04496706175353
1883,-1.10083319508301,-2.4862188933291,-2.05401092069646,-127.958021899391,-0.299377016173038,-0.958080089511813,-3.32016202430531,-1.59181048907906,-3400.71634609372,-1.49543322987366,-0.315548328684632
1884,-1.0857123391647,-2.46304834911079,-2.04578792559181,-127.958021899391,-0.301193755493656,-0.958080089511813,-3.32016202430531,-1.59181048907906,-3400.71634609372,-1.32765768436491,1.43324892414955
1885,-1.0708253974952,-2.44036908603927,-2.03765450431928,-127.958021899391,-0.303009142707162,-0.959284299088641,-3.32016202430531,-1.59181048907906,-3400.71634609372,-1.37793200067741,0.972996581367011
1886,-1.05616373664101,-2.41816116896123,-2.02960849822039,-127.958021899391,-0.303916328352899,-0.959284299088641,-3.32016202430531,-1.58645305955774,-3400.71634609372,-1.43220190966191,-0.0247728440144112
1887,-1.03695129399319,-2.39640584292307,-2.02960849822039,-127.958021899391,-0.305729681872398,-0.959284299088641,-3.27527660499204,-1.58645305955774,-3400.71634609372,-1.503328748212,0.305265109411771
1888,-1.01810689697967,-2.37508544215651,-2.02164782841591,-127.958021899391,-0.307541675884926,-0.960489497158371,-3.27527660499204,-1.58645305955774,-3400.71634609372,-1.51945120283761,-0.536794651999472
1889,-0.999613810398011,-2.3541833076528,-2.01377049185814,-127.958021899391,-0.30935230740389,-0.960489497158371,-3.27527660499204,-1.58119040515906,-3400.71634609372,-1.53604625156612,-0.0247728440144112
1890,-0.979209685903339,-2.34388414104678,-2.00597455762684,-127.958021899391,-0.310257111290765,-0.961695694788907,-3.27527660499204,-1.58119040515906,-3400.71634609372,-1.53604625156612,-0.219939358167556
1891,-0.957011920534056,-2.33368371237231,-1.99825816345059,-127.958021899391,-0.312065693435774,-0.961695694788907,-3.27527660499204,-1.58119040515906,-3400.71634609372,-1.45378479878733,0.000499888160321844
1892,-0.937439345327108,-2.3235801902175,-1.99061951243752,-127.958021899391,-0.31387290555303,-0.962902903289333,-3.27527660499204,-1.58119040515906,-3400.71634609372,-1.37144674081071,-0.622152921440272
1893,-0.918232678307455,-2.31357179325747,-1.9830568700001,-127.958021899391,-0.315678744601445,-0.962902903289333,-3.23337987772548,-1.57601736413535,-3400.71634609372,-1.27779977174685,-0.992750567700941
1894,-0.901454107272742,-2.30365678845153,-1.97556856096046,-127.958021899391,-0.316581148270163,-0.964111134217766,-3.23337987772548,-1.57601736413535,-3400.71634609372,-1.17917105005608,-1.86487613955585
1895,-0.889045033744602,-2.30365678845153,-1.96815296682341,-127.958021899391,-0.318384921978543,-0.964111134217766,-3.23337987772548,-1.57601736413535,-3400.71634609372,-1.23098561927279,-2.56305536351034
1896,-0.878815171731501,-2.29383348932062,-1.96815296682341,-127.958021899391,-0.320187314945686,-0.965320399389574,-3.23337987772548,-1.57092923203867,-3400.71634609372,-1.31264382313657,-1.71738736693626
1897,-0.870702249150434,-2.28410025430066,-1.96080852320572,-127.958021899391,-0.321988324074424,-0.965320399389574,-3.23337987772548,-1.57092923203867,-3400.71634609372,-1.39442032626805,-0.715115886584628
1898,-0.866669038993057,-2.27445548516792,-1.95353371741084,-127.958021899391,-0.322888308727066,-0.966530710885938,-3.19407217612269,-1.57092923203867,-3400.71634609372,-1.42516758233993,-0.764927949588552
1899,-0.86465818376414,-2.26489762553256,-1.94632708613935,-127.958021899391,-0.324687236255261,-0.966530710885938,-3.19407217612269,-1.57092923203867,-3400.71634609372,-1.44290096011447,-1.59040136270679
1900,-0.860647884585243,-2.24603660977588,-1.93918721332594,-127.958021899391,-0.32648477213042,-0.967742081062808,-3.19407217612269,-1.56592170668149,-3400.71634609372,-1.48378543797483,-2.26283135731215
1901,-0.856652684056299,-2.21836024794774,-1.93211272809471,-127.958021899391,-0.32828091319765,-0.96895452256026,-3.19407217612269,-1.56592170668149,-3400.71634609372,-1.54453373990035,-3.04496706175353
1902,-0.850687892138213,-2.1913894413569,-1.92510230282496,-127.958021899391,-0.330075656285255,-0.96895452256026,-3.15703053457295,-1.56099084135273,-3400.71634609372,-1.5663532069759,-2.26283135731215
1903,-0.840820140237195,-2.15646698946263,-1.91815465132033,-127.958021899391,-0.331868998204593,-0.970168048312275,-3.15703053457295,-1.56099084135273,-3400.71634609372,-1.51537778247341,0.664258305057303
1904,-0.829097705692548,-2.13101329638635,-1.91126852707478,-127.958021899391,-0.333660935749935,-0.970168048312275,-3.15703053457295,-1.55613300482218,-3400.71634609372,-1.34921384024348,0.246473614139788
1905,-0.81558112226363,-2.09800412183673,-1.90444272162922,-127.958021899391,-0.335451465698319,-0.971382671556977,-3.12199006395441,-1.55134484696516,-3400.71634609372,-1.43931451795331,-0.715115886584628
1906,-0.802231476140247,-2.06599898572571,-1.90444272162922,-127.958021899391,-0.337240584809405,-0.971382671556977,-3.12199006395441,-1.55134484696516,-3400.71634609372,-1.297928970843,-1.37880953059864
1907,-0.789043826613442,-2.04261898597988,-1.89767606301311,-127.958021899391,-0.339028289825329,-0.972598405847344,-3.12199006395441,-1.54662326906969,-3400.71634609372,-1.38777674050383,-1.71738736693626
1908,-0.776013461486983,-2.01223440630196,-1.89096741426585,-127.958021899391,-0.340814577470549,-0.972598405847344,-3.08873068602104,-1.54662326906969,-3400.71634609372,-1.32161515200309,-1.05877847904656
1909,-0.764966347604174,-1.99001029641563,-1.88431567203303,-67.9665634460907,-0.342599444451695,-0.973815265062422,-3.08873068602104,-1.54196539806844,-3400.71634609372,-1.39109034150858,-1.71738736693626
1910,-0.754028767351444,-1.96824807301655,-1.87771976523299,-67.9665634460907,-0.34438288745742,-0.973815265062422,-3.08873068602104,-1.53736856407834,-3400.71634609372,-1.40451092801153,-2.26283135731215
1911,-0.744995901632762,-1.93991865515664,-1.87117865378956,-67.9665634460907,-0.346164903158238,-0.975033263419082,-3.0570674707834,-1.53736856407834,-3400.71634609372,-1.4993676251239,-2.56305536351034
1912,-0.734252420997957,-1.91233716896041,-1.86469132742691,-67.9665634460907,-0.347055374723847,-0.975033263419082,-3.0570674707834,-1.53736856407834,-3400.71634609372,-1.55315541443373,-3.04496706175353
1913,-0.723611324755696,-1.88546600588198,-1.85187413101844,-67.9665634460907,-0.347945488206376,-0.976252415484336,-3.02684345909654,-1.53736856407834,-3400.71634609372,-1.54027359199032,-0.219939358167556
1914,-0.711322987920446,-1.859270303706,-1.8455423793765,-67.9665634460907,-0.348835243184469,-0.977472736188265,-3.02684345909654,-1.53736856407834,-3400.71634609372,-1.503328748212,-0.992750567700941
1915,-0.697441317323951,-1.83371768646132,-1.8392606475933,-67.9665634460907,-0.349724639235606,-0.977472736188265,-3.02684345909654,-1.53736856407834,-3400.71634609372,-1.34298844927508,-1.71738736693626
1916,-0.682025076309761,-1.80877803434683,-1.83302805825335,-67.9665634460907,-0.350613675936101,-0.978694240837576,-2.99792423830665,-1.53736856407834,-3400.71634609372,-1.18927937158967,-2.04145748748073
1917,-0.666814617475811,-1.77842287244001,-1.8268437576291,-67.9665634460907,-0.351502352861092,-0.978694240837576,-2.99792423830665,-1.53736856407834,-3400.71634609372,-1.14470214172694,-2.26283135731215
1918,-0.653461643703095,-1.74893099475493,-1.82070691482174,-67.9665634460907,-0.353278625679223,-0.979916945129847,-2.9701937792736,-1.53736856407834,-3400.71634609372,-1.06394297757461,-2.56305536351034
1919,-0.641903442367418,-1.72592756757486,-1.8085723883213,-50.4835959523744,-0.354166220716729,-0.981140865168492,-2.9701937792736,-1.53736856407834,-3400.71634609372,-1.17666267858194,-3.04496706175353
1920,-0.632087498163785,-1.70342450910338,-1.80257314977423,-67.9665634460907,-0.355053454267453,-0.981140865168492,-2.94355119717928,-1.53736856407834,-3400.71634609372,-1.26653061421792,-3.04496706175353
1921,-0.622353818475949,-1.6868630097716,-1.79661825787209,-67.9665634460907,-0.358598764968329,-0.982366017478489,-2.94355119717928,-1.53283028074248,-3400.71634609372,-1.34609433174907,-1.12951175155579
1922,-0.615909578544318,-1.67056291919048,-1.7907069842642,-50.4835959523744,-0.361253931152575,-0.983592419022934,-2.94355119717928,-1.53283028074248,-3400.71634609372,-1.42867511338551,-2.04145748748073
1923,-0.607903925038152,-1.65983748515671,-1.78483861902225,-50.4835959523744,-0.364789041119523,-0.983592419022934,-2.91790819969967,-1.53283028074248,-3400.71634609372,-1.4723609132371,-2.56305536351034
1924,-0.599952582542431,-1.6492224346783,-1.77322786230288,-50.4835959523744,-0.368318283267277,-0.984820087220463,-2.91790819969967,-1.53283028074248,-3400.71634609372,-1.48764261835085,-2.26283135731215
1925,-0.592054661139998,-1.63871557128365,-1.76748413757473,-50.4835959523744,-0.371841628953641,-0.986049039963605,-2.89318705399817,-1.53283028074248,-3400.71634609372,-1.43574827419758,-2.26283135731215
1926,-0.582646452197329,-1.62831476290335,-1.76178065358617,-50.4835959523744,-0.375359049206784,-0.987279295638122,-2.89318705399817,-1.53283028074248,-3400.71634609372,-1.32161515200309,-2.56305536351034
1927,-0.573312466259136,-1.61290789137641,-1.75611678363752,-50.4835959523744,-0.378870514719234,-0.987279295638122,-2.86931895044086,-1.53283028074248,-3400.71634609372,-1.20208801474666,-2.56305536351034
1928,-0.562514744131559,-1.59271776030721,-1.75049191606681,-50.4835959523744,-0.381500188232128,-0.988510873143421,-2.86931895044086,-1.52834822795787,-3400.71634609372,-1.28349683878681,-2.56305536351034
1929,-0.5518139575838,-1.57291645649753,-1.73935681370734,-50.4835959523744,-0.385001161395631,-0.989743791914088,-2.86931895044086,-1.52834822795787,-3400.71634609372,-1.297928970843,-1.37880953059864
1930,-0.542717417392683,-1.5534896231801,-1.73384542651223,-41.4369884326085,-0.388496097441403,-0.99097807194264,-2.84624267327854,-1.52834822795787,-3400.71634609372,-1.24175409268486,-1.47868611259886
1931,-0.53219114900976,-1.53442367833614,-1.72293219881375,-41.4369884326085,-0.390241291989914,-0.992213733803573,-2.84624267327854,-1.52834822795787,-3400.71634609372,-1.35549442222521,-1.86487613955585
1932,-0.523241242067583,-1.51570576014299,-1.71216147249838,-41.4369884326085,-0.391984965747187,-0.993450798678811,-2.82390351143144,-1.52392023664388,-3400.71634609372,-1.43931451795331,-1.86487613955585
1933,-0.51435709071019,-1.49732367712965,-1.70152914184692,-41.4369884326085,-0.392856231115933,-0.993450798678811,-2.82390351143144,-1.52392023664388,-3400.71634609372,-1.48764261835085,-1.28839407769858
1934,-0.505537529014593,-1.48375052630381,-1.69103128208586,-41.4369884326085,-0.394597616394559,-0.99468928838464,-2.82390351143144,-1.51954427526361,-3400.71634609372,-1.47995305595067,-2.04145748748073
1935,-0.495328164211016,-1.46592867454095,-1.68066413873683,-41.4369884326085,-0.396337471125461,-0.99592922540025,-2.80225235895324,-1.51954427526361,-3400.71634609372,-1.41132431224533,-1.86487613955585
1936,-0.4837638433864,-1.45276326685288,-1.66535069659116,-41.4369884326085,-0.398075791364833,-0.997170632898011,-2.80225235895324,-1.51521843785754,-3400.71634609372,-1.18927937158967,-2.26283135731215
1937,-0.473733753383159,-1.43976537215631,-1.65529494883527,-41.4369884326085,-0.399812573144985,-0.998413534775598,-2.7812449667199,-1.51521843785754,-3400.71634609372,-1.1374900152291,-2.26283135731215
1938,-0.463784731621472,-1.42268833685628,-1.64535798163916,-41.4369884326085,-0.400680385866363,-0.999657955690121,-2.7812449667199,-1.51521843785754,-3400.71634609372,-1.15930677372797,-2.26283135731215
1939,-0.45391519843149,-1.41006557202629,-1.63553669444101,-35.7175887657432,-0.402414852465454,-1.00090392109442,-2.7812449667199,-1.51094093338667,-3400.71634609372,-1.12559867741481,-1.86487613955585
1940,-0.445517702960555,-1.39759718005872,-1.62582811066259,-35.7175887657432,-0.404147770580096,-1.00215145727571,-2.76084131571093,-1.51094093338667,-3400.71634609372,-1.18421011723607,-2.26283135731215
1941,-0.438562864222225,-1.38120651379814,-1.61622937107837,-35.7175887657432,-0.407608945118668,-1.00340059139667,-2.76084131571093,-1.50671007621394,-3400.71634609372,-1.21772379749348,-2.26283135731215
1942,-0.434408519004298,-1.36908437351947,-1.60203123714588,-35.7175887657432,-0.411063876756532,-1.00465135153942,-2.76084131571093,-1.50671007621394,-3400.71634609372,-1.29212305441743,-2.26283135731215
1943,-0.433026805183671,-1.35710494285693,-1.592695314308,-35.7175887657432,-0.414512532361324,-1.00715786709988,-2.74100508882875,-1.50252427757849,-3400.71634609372,-1.4011303795039,-1.71738736693626
1944,-0.433026805183671,-1.34526497801307,-1.58346006675382,-35.7175887657432,-0.417954878385856,-1.00841368371668,-2.74100508882875,-1.50252427757849,-1037.55299283317,-1.42167902115003,-2.26283135731215
1945,-0.433026805183671,-1.33356134368689,-1.57432309234377,-35.7175887657432,-0.421390880859882,-1.00967124886436,-2.72170322315907,-1.50252427757849,-1037.55299283317,-1.32463015731743,-2.26283135731215
1946,-0.433026805183671,-1.3219910083073,-1.56528207684726,-31.6993887497054,-0.424820505381649,-1.01093059599331,-2.72170322315907,-1.4983820379389,-1037.55299283317,-1.30672294705466,-2.56305536351034
1947,-0.434408519004298,-1.31055103952494,-1.55633478963478,-31.6993887497054,-0.428243717109205,-1.01219175980864,-2.72170322315907,-1.4983820379389,-597.211579523142,-1.12796428510837,-2.56305536351034
1948,-0.434408519004298,-1.29549564933116,-1.54747907963317,-31.6993887497054,-0.431660480751482,-1.0134547763412,-2.70290552834801,-1.49428194007928,-597.211579523142,-1.01023511175918,-2.26283135731215
1949,-0.430267954630487,-1.28066051217006,-1.53436270197453,-31.6993887497054,-0.435070760559111,-1.01598651877423,-2.70290552834801,-1.49428194007928,-597.211579523142,-1.05953435162759,-3.04496706175353
1950,-0.426141060140632,-1.26603942344391,-1.52572701245756,-31.6993887497054,-0.438474520314998,-1.01725532408281,-2.68458435966988,-1.49022264288733,-597.211579523142,-1.08856669776985,-2.26283135731215
1951,-0.420659609279272,-1.24805502992233,-1.50450400873825,-31.6993887497054,-0.451179918039378,-1.01979901378852,-2.68458435966988,-1.49022264288733,-597.211579523142,-1.27214465152158,-2.56305536351034
1952,-0.411124311687195,-1.22688741590934,-1.48378205893523,-28.6848712371642,-0.463791106143339,-1.02107398793865,-2.66671433660533,-1.48620287572575,-597.211579523142,-1.24992678683551,-2.04145748748073
1953,-0.400314558086163,-1.20615400119321,-1.46353539243618,-28.6848712371642,-0.476305982265904,-1.02363043410707,-2.64927209950291,-1.48620287572575,-414.968171430555,-1.30672294705466,-2.26283135731215
1954,-0.389596526937265,-1.18249109739433,-1.44374024149448,-28.6848712371642,-0.4895465275559,-1.02491200835185,-2.64927209950291,-1.48222143332919,-414.968171430555,-1.37468172027596,-1.86487613955585
1955,-0.376325121659604,-1.15611054425776,-1.42437463575247,-28.6848712371642,-0.501855198686422,-1.0274821328461,-2.63223609827829,-1.48222143332919,-414.968171430555,-1.33681689620291,-2.56305536351034
1956,-0.363190576101385,-1.12723545192756,-1.40541822268781,-26.3194545883405,-0.514060360095122,-1.02877080054582,-2.61558640819869,-1.47827717116792,-414.968171430555,-1.1995105300944,-2.56305536351034
1957,-0.348896604795709,-1.0991660318662,-1.38685211013276,-26.3194545883405,-0.526159381356561,-1.03135566281505,-2.61558640819869,-1.47436900122702,-316.108723360333,-1.04642957190599,-3.04496706175353
1958,-0.334759801538518,-1.07485716344678,-1.3686587276696,-26.3194545883405,-0.538149469907459,-1.03265199367382,-2.59930456867374,-1.47436900122702,-316.108723360333,-0.914542747488054,-5.23632513851036
1959,-0.319512213048505,-1.04819558297851,-1.35082170423536,-24.4016634939521,-0.550027654745567,-1.03525282353251,-2.58337344167494,-1.47049588815629,-316.108723360333,-0.983424234286513,-5.23632513851036
1960,-0.303193523749323,-1.02507747170955,-1.33332575969978,-24.4016634939521,-0.562570802285788,-1.0378650852808,-2.56777708697223,-1.47049588815629,-316.108723360333,-0.999838148245317,-5.23632513851036
1961,-0.289542971438282,-1.00248114137515,-1.31615660853404,-24.4016634939521,-0.575749823727947,-1.0391757241369,-2.56777708697223,-1.47049588815629,-316.108723360333,-1.08856669776985,-1.47868611259886
1962,-0.2772554700421,-0.977655989828418,-1.29930087397817,-22.8075890851647,-0.588771048568741,-1.04180650848491,-2.55250065183641,-1.47049588815629,-316.108723360333,-1.23366423657221,-1.28839407769858
1963,-0.26750736105998,-0.953432848008603,-1.28274601135536,-22.8075890851647,-0.602379787036379,-1.04312686949588,-2.5375302732321,-1.47436900122702,-254.335117321921,-1.26933255035208,-1.12951175155579
1964,-0.257830636282861,-0.927190485672299,-1.26648023938111,-21.4563653358083,-0.615057306874222,-1.04577812402379,-2.52285299083451,-1.47436900122702,-254.335117321921,-1.32463015731743,0.719263038354303
1965,-0.242254970481405,-0.901621481574625,-1.24732735870112,-20.2927180201161,-0.627557566526259,-1.04710928124333,-2.50845666945769,-1.47436900122702,-254.335117321921,-1.35865584817586,0.414567791088922
1966,-0.225682291196282,-0.871781311743448,-1.23165949230988,-20.2927180201161,-0.640591395500108,-1.04978339104063,-2.49432992969324,-1.47436900122702,-212.19682797711,-1.34609433174907,-0.189848263033639
1967,-0.206989692379763,-0.84043451778319,-1.21624746635237,-19.2774371266408,-0.652701649837171,-1.05112667336824,-2.48046208573393,-1.47827717116792,-181.677987200782,-1.22300259732289,-0.992750567700941
1968,-0.188552765520414,-0.807748288865122,-1.20108209949739,-18.3818480662022,-0.664608431078904,-1.05247435036447,-2.46684308950336,-1.47827717116792,-158.58991023769,-1.14470214172694,-0.930810849908307
1969,-0.169234323014283,-0.773884037811409,-1.1861547124838,-17.5844402978989,-0.676301036727146,-1.05518371685491,-2.45346348033646,-1.47827717116792,-140.534431411217,-1.16670217644783,0.0730645116926549
1970,-0.15018556679186,-0.736855850159487,-1.17145709158832,-17.5844402978989,-0.688434498957028,-1.05654587020334,-2.44031433955899,-1.47827717116792,-140.534431411217,-1.13033617491285,-0.496578289051725
1971,-0.130300248342813,-0.701166089660127,-1.15411231016609,-16.2218267245199,-0.690430950999158,-1.05791335186102,-2.44031433955899,-1.47827717116792,-140.534431411217,-1.1544113476708,-1.37880953059864
1972,-0.109616090006147,-0.662749444749159,-1.1342638875224,-15.6335266665754,-0.692419818800569,-1.05928645779434,-2.42738724940228,-1.47827717116792,-140.534431411217,-1.16918147452326,-2.04145748748073
1973,-0.0881705759118396,-0.625776510896085,-1.11481450714058,-15.095600327748,-0.694401016909962,-1.06205089922673,-2.41467425576387,-1.47827717116792,-126.041349878952,-1.25266984683803,-1.71738736693626
1974,-0.0680971918132877,-0.588305044899812,-1.0984478782798,-14.6013443851702,-0.697030531763835,-1.06344301870642,-2.40216783438818,-1.47436900122702,-126.041349878952,-1.31264382313657,-1.28839407769858
1975,-0.0514123914806945,-0.55221317710564,-1.07969390273123,-13.7226711677416,-0.698993488567715,-1.06484234711281,-2.38986086009548,-1.47436900122702,-126.041349878952,-1.36502187926744,-0.536794651999472
1976,-0.0328739379931124,-0.51740509078987,-1.06129185163861,-13.329792341211,-0.700948473742682,-1.06624942370143,-2.37774657873383,-1.47436900122702,-126.041349878952,-1.39442032626805,-0.622152921440272
1977,-0.0105385407806791,-0.485447865788435,-1.04578777381608,-12.6204834798053,-0.702895391173341,-1.067664871272,-2.36581858156878,-1.47436900122702,-114.160095594955,-1.26373873964059,-1.47868611259886
1978,0.0164062654108443,-0.454504421332702,-1.02800159143906,-11.9964012949144,-0.705478559948895,-1.067664871272,-2.35407078185971,-1.47049588815629,-114.160095594955,-1.04642957190599,-2.26283135731215
1979,0.0467363443700558,-0.422960669461458,-1.01052832927251,-11.7112893789587,-0.707406263123214,-1.06908941689801,-2.34249739340165,-1.47049588815629,-104.249294398584,-0.967271852835205,-1.05877847904656
1980,0.0735995889102957,-0.393912997657271,-0.995791129322644,-11.1870185153126,-0.70932555751402,-1.07052392007599,-2.33109291083702,-1.47049588815629,-104.249294398584,-1.00190888235494,-1.86487613955585
1981,0.0924914394946949,-0.362787285071228,-0.983673760571967,-10.715592816536,-0.716916415001779,-1.07196941192429,-2.30876993908994,-1.47049588815629,-104.249294398584,-1.00814700905542,-1.86487613955585
1982,0.110217944611878,-0.332629692449289,-0.974084098706121,-10.2888091930708,-0.724363360038688,-1.07196941192429,-2.29784168768689,-1.47436900122702,-104.249294398584,-1.12559867741481,-1.71738736693626
1983,0.133225123917243,-0.3047559418121,-0.96458496329246,-9.90013354944961,-0.732258452353387,-1.07342715141756,-2.28706278823816,-1.47436900122702,-104.249294398584,-1.13271439435336,0.917197321943692
1984,0.156783413093788,-0.277663268415051,-0.952835467347702,-9.54428939335886,-0.73937635195696,-1.07489870899734,-2.27642889515674,-1.47827717116792,-95.8607945673165,-1.33375090081984,0.118964257339285
1985,0.176433693075191,-0.252610752550555,-0.943533184131288,-9.37729996422093,-0.746319116771586,-1.07489870899734,-2.26593585428456,-1.47827717116792,-88.6721744669639,-1.34921384024348,-0.872457863749576
1986,0.195832562833496,-0.22819257847257,-0.934315490568175,-9.06285704150895,-0.753072782773609,-1.07638609645587,-2.26593585428456,-1.47827717116792,-82.4456499406073,-1.34609433174907,-0.930810849908307
1987,0.220170537495078,-0.205616934959516,-0.925180681152231,-8.7718165062801,-0.759620457573805,-1.07638609645587,-2.25557969168378,-1.48222143332919,-77.0020838397676,-1.33681689620291,-1.12951175155579
1988,0.247521175187626,-0.182348129239353,-0.913876212345311,-8.50145310605814,-0.765941218578087,-1.07789198012727,-2.24535660324193,-1.48222143332919,-72.2040030998269,-1.12323930489203,-1.37880953059864
1989,0.269392859794224,-0.157268925404339,-0.904921926691165,-8.24946354951535,-0.77250146792611,-1.07789198012727,-2.24535660324193,-1.48620287572575,-67.9441842631975,-0.999838148245317,-1.59040136270679
1990,0.286836788319623,-0.135129356049872,-0.896045336072342,-8.01388632341361,-0.778253361924313,-1.07942005676099,-2.23526294502091,-1.48620287572575,-64.1377901669424,-1.07059468059228,-1.71738736693626
1991,0.301635452753531,-0.116873979869378,-0.891635707308106,-7.7930393427829,-0.780552096122318,-1.07942005676099,-2.23526294502091,-1.49022264288733,-64.1377901669424,-1.05295950165153,-1.71738736693626
1992,0.312237319835328,-0.103407167085407,-0.889437979158814,-7.58547093496821,-0.782786499394028,-1.07942005676099,-2.22529522428654,-1.49428194007928,-60.7168339236516,-1.02922958552909,1.40261433831311
1993,0.323575514302333,-0.0934299332684939,-0.885056582384832,-7.38992091794436,-0.784950646574834,-1.08097578379562,-2.22529522428654,-1.49428194007928,-54.8207690821928,-1.20208801474666,0.635777514344018
1994,0.34123008139134,-0.0857411534044816,-0.882872869085697,-7.29630355467787,-0.787037148415493,-1.08097578379562,-2.22529522428654,-1.4983820379389,-49.9224250716839,-1.30084882391368,-0.315548328684632
1995,0.362632370430923,-0.0781136891486422,-0.880693783003801,-7.20528940795714,-0.788644145320487,-1.08097578379562,-2.21545009116152,-1.50252427757849,-47.7722674222513,-1.32161515200309,-1.12951175155579
1996,0.380640482862009,-0.070546593031584,-0.876349404943793,-7.11676190606281,-0.790564742268128,-1.08256801286763,-2.21545009116152,-1.50252427757849,-43.9586302493308,-1.37468172027596,-1.59040136270679
1997,0.399218721691636,-0.0630389392034169,-0.874184069592742,-7.11676190606281,-0.792371277782772,-1.08256801286763,-2.21545009116152,-1.50671007621394,-42.2601551453004,-1.33375090081984,-1.71738736693626
1998,0.422903549232396,-0.0555898227835704,-0.869866999002618,-7.11676190606281,-0.794037486333809,-1.08256801286763,-2.20572433085054,-1.51094093338667,-40.6812718496256,-1.2046735160498,-2.04145748748073
1999,0.445500136682411,-0.0471470915600091,-0.86771522133319,-7.20528940795714,-0.795515760599342,-1.08256801286763,-2.20572433085054,-1.51094093338667,-37.8355982884803,-1.10227806681849,-2.56305536351034
2000,0.461133776915871,-0.0419080499758628,-0.863425076321367,-7.20528940795714,-0.796675863873533,-1.08421358285589,-2.20572433085054,-1.51521843785754,-35.3424286478517,-1.05077791026249,-2.56305536351034
2001,0.477353711265265,-0.0377374252936801,-0.861286667463625,-7.29630355467787,-0.796269319205532,-1.08421358285589,-2.20572433085054,-1.51521843785754,-35.3424286478517,-1.07953744272767,-2.56305536351034
2002,0.499941665785777,-0.0335849507230001,-0.859152673610065,-7.29630355467787,-0.795781024774992,-1.08421358285589,-2.20572433085054,-1.51521843785754,-35.3424286478517,-1.0931145103091,-2.56305536351034
2003,0.522226059152146,-0.0294504726867561,-0.85702307437428,-7.38992091794436,-0.795238931705905,-1.08421358285589,-2.20572433085054,-1.51521843785754,-34.2083996839012,-1.25818476982195,-2.26283135731215
2004,0.543511768194546,-0.0253338395333324,-0.852776978938569,-7.48626580627043,-0.794350362205169,-1.08421358285589,-2.20572433085054,-1.51521843785754,-30.2829880874826,-1.34609433174907,-2.26283135731215
2005,0.56453073817217,-0.0222579852134563,-0.850660442689764,-7.48626580627043,-0.79371726376087,-1.08421358285589,-2.20572433085054,-1.51521843785754,-28.6218515328676,-1.42167902115003,-2.26283135731215
2006,0.585290977082826,-0.0171535107048282,-0.848548220958204,-7.58547093496821,-0.793056564134385,-1.08595821368104,-2.20572433085054,-1.51521843785754,-27.1229977093859,-1.43931451795331,-2.26283135731215
2007,0.603760292579556,-0.0120762256479656,-0.846440294073091,-7.58547093496821,-0.792371277782772,-1.08595821368104,-2.20572433085054,-1.51521843785754,-25.7640039446479,-1.44290096011447,-1.86487613955585
2008,0.620684795129091,-0.00601897784624938,-0.842237246852786,-7.68767816825297,-0.791302235850514,-1.08595821368104,-2.19611485639058,-1.51521843785754,-24.5263753561001,-1.4723609132371,-2.04145748748073
2009,0.638110504421864,0.000999475358476331,-0.84014208786579,-7.68767816825297,-0.790564742268128,-1.08595821368104,-2.19611485639058,-1.51521843785754,-25.7640039446479,-1.47995305595067,-2.04145748748073
2010,0.656021382423293,0.00697439739816507,-0.838051146419025,-7.7930393427829,-0.789809094587924,-1.08595821368104,-2.19611485639058,-1.51521843785754,-23.3947234580606,-1.38119778897487,-2.04145748748073
2011,0.673748380326135,0.0168500150020079,-0.838051146419025,-7.7930393427829,-0.789809094587924,-1.08595821368104,-2.18661870188454,-1.51521843785754,-22.3561422241898,-1.29212305441743,-2.04145748748073
